{"v":"5.5.2","fr":29.9700012207031,"ip":0,"op":61.0000024845809,"w":1000,"h":1000,"nm":"Comp 1","ddd":0,"assets":[],"layers":[{"ddd":0,"ind":1,"ty":4,"nm":"heartStroke","sr":1,"ks":{"o":{"a":0,"k":100,"ix":11},"r":{"a":0,"k":0,"ix":10},"p":{"a":0,"k":[516,468,0],"ix":2},"a":{"a":0,"k":[105,105,0],"ix":1},"s":{"a":1,"k":[{"i":{"x":[0.833,0.833,0.833],"y":[0.833,0.833,0.833]},"o":{"x":[0.167,0.167,0.167],"y":[0.167,0.167,0.167]},"t":0,"s":[371.158,371.158,100]},{"i":{"x":[0.833,0.833,0.833],"y":[0.833,0.833,0.833]},"o":{"x":[0.167,0.167,0.167],"y":[0.167,0.167,0.167]},"t":15,"s":[473.158,473.158,100]},{"i":{"x":[0.833,0.833,0.833],"y":[0.833,0.833,0.833]},"o":{"x":[0.167,0.167,0.167],"y":[0.167,0.167,0.167]},"t":30,"s":[371.2,371.2,100]},{"i":{"x":[0.833,0.833,0.833],"y":[0.833,0.833,0.833]},"o":{"x":[0.167,0.167,0.167],"y":[0.167,0.167,0.167]},"t":45,"s":[473.2,473.2,100]},{"t":60.0000024438501,"s":[371.2,371.2,100]}],"ix":6}},"ao":0,"shapes":[{"ty":"gr","it":[{"ind":0,"ty":"sh","ix":1,"ks":{"a":0,"k":{"i":[[14.613,-15.331],[21.727,-2.359],[-5.027,-29.219],[-49.8,-24.838],[-8.058,46.846],[29.549,3.204],[1.935,0]],"o":[[-17.048,-16.945],[-29.549,3.204],[8.061,46.846],[49.8,-24.834],[5.029,-29.219],[-2.07,-0.225],[-18.377,0]],"v":[[-0.001,-56.54],[-51.685,-81.432],[-99.36,-15.548],[-0.001,83.79],[95.172,-16.023],[51.684,-81.432],[45.68,-81.767]],"c":true},"ix":2},"nm":"Path 2","mn":"ADBE Vector Shape - Group","hd":false},{"ty":"st","c":{"a":0,"k":[0.89411765337,0.137254908681,0.1254902035,1],"ix":3},"o":{"a":0,"k":100,"ix":4},"w":{"a":0,"k":7,"ix":5},"lc":1,"lj":1,"ml":4,"bm":0,"nm":"Stroke 1","mn":"ADBE Vector Graphic - Stroke","hd":false},{"ty":"tr","p":{"a":0,"k":[104.561,124.514],"ix":2},"a":{"a":0,"k":[0,0],"ix":1},"s":{"a":0,"k":[100,100],"ix":3},"r":{"a":0,"k":0,"ix":6},"o":{"a":0,"k":100,"ix":7},"sk":{"a":0,"k":0,"ix":4},"sa":{"a":0,"k":0,"ix":5},"nm":"Transform"}],"nm":"Group 1","np":2,"cix":2,"bm":0,"ix":1,"mn":"ADBE Vector Group","hd":false}],"ip":0,"op":90.0000036657751,"st":0,"bm":0},{"ddd":0,"ind":2,"ty":4,"nm":"heartFill","sr":1,"ks":{"o":{"a":0,"k":100,"ix":11},"r":{"a":0,"k":0,"ix":10},"p":{"a":0,"k":[516,468,0],"ix":2},"a":{"a":0,"k":[105,105,0],"ix":1},"s":{"a":1,"k":[{"i":{"x":[0.833,0.833,0.833],"y":[0.833,0.833,0.833]},"o":{"x":[0.167,0.167,0.167],"y":[0.167,0.167,0.167]},"t":0,"s":[371.158,371.158,100]},{"i":{"x":[0.833,0.833,0.833],"y":[0.833,0.833,0.833]},"o":{"x":[0.167,0.167,0.167],"y":[0.167,0.167,0.167]},"t":15,"s":[473.158,473.158,100]},{"i":{"x":[0.833,0.833,0.833],"y":[0.833,0.833,0.833]},"o":{"x":[0.167,0.167,0.167],"y":[0.167,0.167,0.167]},"t":30,"s":[371.2,371.2,100]},{"i":{"x":[0.833,0.833,0.833],"y":[0.833,0.833,0.833]},"o":{"x":[0.167,0.167,0.167],"y":[0.167,0.167,0.167]},"t":45,"s":[473.2,473.2,100]},{"t":60.0000024438501,"s":[371.2,371.2,100]}],"ix":6}},"ao":0,"hasMask":true,"masksProperties":[{"inv":false,"mode":"a","pt":{"a":1,"k":[{"i":{"x":0.833,"y":0.833},"o":{"x":0.167,"y":0.167},"t":0,"s":[{"i":[[0,0],[68.435,17.782],[0,0],[0,0],[0,0],[0,0],[0,0]],"o":[[0,0],[-68.435,-17.782],[0,0],[0,0],[0,0],[0,0],[0,0]],"v":[[250.491,119.549],[117.394,172.357],[4.773,186.367],[-16.242,179.901],[-21.631,124.399],[-25.403,268.273],[254.263,269.89]],"c":true}]},{"i":{"x":0.833,"y":0.833},"o":{"x":0.167,"y":0.167},"t":15,"s":[{"i":[[0,0],[68.435,17.782],[0,0],[0,0],[0,0],[0,0],[0,0]],"o":[[0,0],[-68.435,-17.782],[0,0],[0,0],[0,0],[0,0],[0,0]],"v":[[203.994,81.929],[70.898,134.737],[-41.723,148.747],[-62.738,142.281],[-68.127,86.779],[-71.899,230.653],[207.766,232.27]],"c":true}]},{"i":{"x":0.833,"y":0.833},"o":{"x":0.167,"y":0.167},"t":30,"s":[{"i":[[0,0],[65.891,53.776],[0,0],[1.981,15.191],[0,0],[0,0],[0,0]],"o":[[0,0],[-54.779,-44.707],[0,0],[-1.981,-15.191],[0,0],[0,0],[0,0]],"v":[[255.719,61.455],[132.859,105.104],[-5.624,103.489],[-11.014,121.807],[-16.403,66.305],[-20.175,210.179],[259.491,211.796]],"c":true}]},{"i":{"x":0.833,"y":0.833},"o":{"x":0.167,"y":0.167},"t":45,"s":[{"i":[[0,0],[65.891,53.776],[0,0],[1.981,15.191],[0,0],[0,0],[0,0]],"o":[[0,0],[-54.779,-44.707],[0,0],[-1.981,-15.191],[0,0],[0,0],[0,0]],"v":[[259.1,61.455],[108.345,56.498],[-7.315,57.42],[-7.633,121.807],[-13.022,66.305],[-16.794,210.179],[262.872,211.796]],"c":true}]},{"t":60.0000024438501,"s":[{"i":[[0,0],[85.312,67.539],[0,0],[2.565,19.079],[0,0],[0,0],[0,0]],"o":[[0,0],[-70.925,-56.149],[0,0],[-2.565,-19.079],[0,0],[0,0],[0,0]],"v":[[340.418,22.978],[145.229,16.752],[-4.521,17.909],[-4.933,98.776],[-11.91,29.069],[-16.794,209.766],[345.302,211.796]],"c":true}]}],"ix":1},"o":{"a":0,"k":100,"ix":3},"x":{"a":0,"k":0,"ix":4},"nm":"Mask 1"}],"shapes":[{"ty":"gr","it":[{"ind":0,"ty":"sh","ix":1,"ks":{"a":0,"k":{"i":[[14.613,-15.331],[21.727,-2.359],[-5.027,-29.219],[-49.8,-24.838],[-8.058,46.846],[29.549,3.204],[1.935,0]],"o":[[-17.048,-16.945],[-29.549,3.204],[8.061,46.846],[49.8,-24.834],[5.029,-29.219],[-2.07,-0.225],[-18.377,0]],"v":[[-0.001,-56.54],[-51.685,-81.432],[-99.36,-15.548],[-0.001,83.79],[95.172,-16.023],[51.684,-81.432],[45.68,-81.767]],"c":true},"ix":2},"nm":"Path 2","mn":"ADBE Vector Shape - Group","hd":false},{"ty":"fl","c":{"a":0,"k":[0.894117647059,0.137254901961,0.125490196078,1],"ix":4},"o":{"a":0,"k":100,"ix":5},"r":1,"bm":0,"nm":"Fill 1","mn":"ADBE Vector Graphic - Fill","hd":false},{"ty":"tr","p":{"a":0,"k":[104.561,124.514],"ix":2},"a":{"a":0,"k":[0,0],"ix":1},"s":{"a":0,"k":[100,100],"ix":3},"r":{"a":0,"k":0,"ix":6},"o":{"a":0,"k":100,"ix":7},"sk":{"a":0,"k":0,"ix":4},"sa":{"a":0,"k":0,"ix":5},"nm":"Transform"}],"nm":"Group 1","np":2,"cix":2,"bm":0,"ix":1,"mn":"ADBE Vector Group","hd":false}],"ip":0,"op":90.0000036657751,"st":0,"bm":0},{"ddd":0,"ind":3,"ty":1,"nm":"White Solid 1","hd":true,"sr":1,"ks":{"o":{"a":0,"k":100,"ix":11},"r":{"a":0,"k":0,"ix":10},"p":{"a":0,"k":[500,500,0],"ix":2},"a":{"a":0,"k":[500,500,0],"ix":1},"s":{"a":0,"k":[100,100,100],"ix":6}},"ao":0,"sw":1000,"sh":1000,"sc":"#ffffff","ip":0,"op":90.0000036657751,"st":0,"bm":0}],"markers":[]}